<?xml version="1.0" encoding="UTF-8"?>
<project-private xmlns="http://www.netbeans.org/ns/project-private/1">
    <editor-bookmarks xmlns="http://www.netbeans.org/ns/editor-bookmarks/2" lastBookmarkId="0"/>
    <open-files xmlns="http://www.netbeans.org/ns/projectui-open-files/2">
        <group>
            <file>file:/D:/users/jvegag/Documents/NetBeansProjects/rokagym_web/web/WEB-INF/jsp/bienvenida.jsp</file>
            <file>file:/D:/users/jvegag/Documents/NetBeansProjects/rokagym_web/web/WEB-INF/jsp/index.jsp</file>
            <file>file:/D:/users/jvegag/Documents/NetBeansProjects/rokagym_web/web/WEB-INF/jsp/menu.jsp</file>
            <file>file:/D:/users/jvegag/Documents/NetBeansProjects/rokagym_web/web/src-rg/css/bootstrap.css</file>
            <file>file:/D:/users/jvegag/Documents/NetBeansProjects/rokagym_web/web/WEB-INF/jsp/principal.jsp</file>
            <file>file:/D:/users/jvegag/Documents/NetBeansProjects/rokagym_web/web/WEB-INF/dispatcher-servlet.xml</file>
            <file>file:/D:/users/jvegag/Documents/NetBeansProjects/rokagym_web/web/WEB-INF/jsp/usuario_lista.jsp</file>
        </group>
    </open-files>
</project-private>
